FIPS,County
02290,Yukon-Koyukuk Census Area
02290,Yukon-Koyukuk Census Area
01047,Dallas County
01047,Dallas County
01003,Baldwin County
01047,Dallas County
01047,Dallas County
05145,White County
04025,Yavapai County
06023,Humboldt County
06019,Fresno County
06019,Fresno County
,
06019,Fresno County
06029,Kern County
06067,Sacramento County
06109,Tuolumne County
06085,Santa Clara County
06019,Fresno County
06019,Fresno County
06019,Fresno County
06019,Fresno County
06019,Fresno County
06113,Yolo County
08067,La Plata County
08077,Mesa County
08093,Park County
08093,Park County
08067,La Plata County
08093,Park County
08067,La Plata County
08093,Park County
08093,Park County
,
08109,Saguache County
10001,Kent County
10005,Sussex County
10001,Kent County
10001,Kent County
06037,Los Angeles County
13091,Dodge County
13001,Appling County
15001,Hawaii County
15007,Kauai County
15001,Hawaii County
19127,Marshall County
19127,Marshall County
19127,Marshall County
19087,Henry County
19153,Polk County
06037,Los Angeles County
19127,Marshall County
19127,Marshall County
19177,Van Buren County
19187,Webster County
19127,Marshall County
19127,Marshall County
,
19127,Marshall County
19127,Marshall County
19127,Marshall County
19127,Marshall County
19127,Marshall County
19127,Marshall County
19127,Marshall County
19127,Marshall County
19061,Dubuque County
19127,Marshall County
16037,Custer County
16081,Teton County
16037,Custer County
16037,Custer County
16037,Custer County
,
17011,Bureau County
17179,Tazewell County
17143,Peoria County
17179,Tazewell County
17179,Tazewell County
17179,Tazewell County
17179,Tazewell County
17051,Fayette County
17109,McDonough County
17179,Tazewell County
17179,Tazewell County
17179,Tazewell County
17193,White County
17179,Tazewell County
17179,Tazewell County
17095,Knox County
,
17179,Tazewell County
17179,Tazewell County
17179,Tazewell County
17179,Tazewell County
18053,Grant County
18053,Grant County
18053,Grant County
18053,Grant County
18053,Grant County
18053,Grant County
18053,Grant County
18097,Marion County
18053,Grant County
18051,Gibson County
18053,Grant County
18097,Marion County
18053,Grant County
18081,Johnson County
18097,Marion County
18039,Elkhart County
18097,Marion County
18053,Grant County
18003,Allen County
18117,Orange County
18053,Grant County
20105,Lincoln County
20105,Lincoln County
20105,Lincoln County
20105,Lincoln County
20133,Neosho County
20133,Neosho County
20105,Lincoln County
20105,Lincoln County
20169,Saline County
20201,Washington County
20105,Lincoln County
20079,Harvey County
20011,Bourbon County
20105,Lincoln County
20037,Crawford County
20105,Lincoln County
20045,Douglas County
20105,Lincoln County
20105,Lincoln County
20105,Lincoln County
20105,Lincoln County
20105,Lincoln County
20055,Finney County
21019,Boyd County
21151,Madison County
21151,Madison County
21151,Madison County
21151,Madison County
21151,Madison County
21151,Madison County
21151,Madison County
21151,Madison County
21151,Madison County
21093,Hardin County
21151,Madison County
21155,Marion County
21151,Madison County
21151,Madison County
21171,Monroe County
21151,Madison County
21151,Madison County
21235,Whitley County
21103,Henry County
21151,Madison County
21167,Mercer County
21151,Madison County
21151,Madison County
21207,Russell County
21151,Madison County
,
21051,Clay County
,
21233,Webster County
,
21027,Breckinridge County
21199,Pulaski County
21151,Madison County
21165,Menifee County
21153,Magoffin County
22077,Pointe Coupee Parish
22077,Pointe Coupee Parish
22097,St. Landry Parish
,
22077,Pointe Coupee Parish
22077,Pointe Coupee Parish
24029,Kent County
24003,Anne Arundel County
24003,Anne Arundel County
24003,Anne Arundel County
24025,Harford County
24003,Anne Arundel County
26093,Livingston County
26151,Sanilac County
26165,Wexford County
26139,Ottawa County
26073,Isabella County
26165,Wexford County
26165,Wexford County
29145,Newton County
29161,Phelps County
29041,Chariton County
,
29161,Phelps County
,
29161,Phelps County
29161,Phelps County
29161,Phelps County
29161,Phelps County
29161,Phelps County
29031,Cape Girardeau County
29161,Phelps County
29119,McDonald County
29161,Phelps County
29089,Howard County
29161,Phelps County
29161,Phelps County
,
29161,Phelps County
29161,Phelps County
29187,St. Francois County
29031,Cape Girardeau County
29151,Osage County
29051,Cole County
29161,Phelps County
29161,Phelps County
29161,Phelps County
29009,Barry County
29161,Phelps County
29161,Phelps County
29161,Phelps County
29161,Phelps County
29049,Clinton County
29165,Platte County
29117,Livingston County
,
29161,Phelps County
29161,Phelps County
29161,Phelps County
29161,Phelps County
29071,Franklin County
29161,Phelps County
29161,Phelps County
29161,Phelps County
29161,Phelps County
29161,Phelps County
29161,Phelps County
29161,Phelps County
,
29161,Phelps County
29229,Wright County
29023,Butler County
29161,Phelps County
29019,Boone County
29161,Phelps County
29099,Jefferson County
,
29007,Audrain County
29087,Holt County
29161,Phelps County
29161,Phelps County
29019,Boone County
29161,Phelps County
29161,Phelps County
29161,Phelps County
29161,Phelps County
29161,Phelps County
29161,Phelps County
29051,Cole County
29161,Phelps County
28123,Scott County
28151,Washington County
28035,Forrest County
28123,Scott County
30045,Judith Basin County
30045,Judith Basin County
30045,Judith Basin County
37037,Chatham County
37037,Chatham County
37037,Chatham County
37037,Chatham County
37037,Chatham County
37037,Chatham County
38055,McLean County
38055,McLean County
38055,McLean County
38055,McLean County
38055,McLean County
38055,McLean County
33009,Grafton County
33013,Merrimack County
,
33015,Rockingham County
33013,Merrimack County
33003,Carroll County
33017,Strafford County
33013,Merrimack County
33013,Merrimack County
33013,Merrimack County
33013,Merrimack County
33013,Merrimack County
33013,Merrimack County
35019,Guadalupe County
36061,New York County
36061,New York County
36061,New York County
36061,New York County
36061,New York County
36061,New York County
36061,New York County
36061,New York County
36061,New York County
36061,New York County
36061,New York County
36061,New York County
36061,New York County
36061,New York County
36061,New York County
36061,New York County
36061,New York County
36061,New York County
36061,New York County
36061,New York County
36061,New York County
36061,New York County
36061,New York County
36061,New York County
36061,New York County
36061,New York County
39149,Shelby County
39117,Morrow County
,
39117,Morrow County
39117,Morrow County
39117,Morrow County
39117,Morrow County
39117,Morrow County
39117,Morrow County
39117,Morrow County
39057,Greene County
39117,Morrow County
39117,Morrow County
39159,Union County
39117,Morrow County
39107,Mercer County
39117,Morrow County
39083,Knox County
39107,Mercer County
39017,Butler County
39103,Medina County
40125,Pottawatomie County
40125,Pottawatomie County
40125,Pottawatomie County
40037,Creek County
40125,Pottawatomie County
40047,Garfield County
40125,Pottawatomie County
40125,Pottawatomie County
40125,Pottawatomie County
40125,Pottawatomie County
40125,Pottawatomie County
40115,Ottawa County
40093,Major County
40125,Pottawatomie County
40125,Pottawatomie County
40073,Kingfisher County
40133,Seminole County
40125,Pottawatomie County
40125,Pottawatomie County
40031,Comanche County
40125,Pottawatomie County
40125,Pottawatomie County
40083,Logan County
,
40013,Bryan County
40125,Pottawatomie County
40107,Okfuskee County
40125,Pottawatomie County
40051,Grady County
40125,Pottawatomie County
40125,Pottawatomie County
40125,Pottawatomie County
42081,Lycoming County
42081,Lycoming County
42081,Lycoming County
42081,Lycoming County
42039,Crawford County
42081,Lycoming County
42081,Lycoming County
42107,Schuylkill County
42081,Lycoming County
42097,Northumberland County
42055,Franklin County
42081,Lycoming County
42119,Union County
42071,Lancaster County
42081,Lycoming County
42055,Franklin County
42033,Clearfield County
42081,Lycoming County
42071,Lancaster County
42071,Lancaster County
42081,Lycoming County
42111,Somerset County
42081,Lycoming County
42081,Lycoming County
42061,Huntingdon County
42081,Lycoming County
42127,Wayne County
42081,Lycoming County
42071,Lancaster County
72073,
45063,Lexington County
45063,Lexington County
45063,Lexington County
45063,Lexington County
46085,Lyman County
46115,Spink County
46099,Minnehaha County
46085,Lyman County
47145,Roane County
48399,Runnels County
48399,Runnels County
48399,Runnels County
48383,Reagan County
48399,Runnels County
48349,Navarro County
48399,Runnels County
48367,Parker County
48251,Johnson County
48399,Runnels County
48503,Young County
48353,Nolan County
49035,Salt Lake County
49055,Wayne County
49035,Salt Lake County
49035,Salt Lake County
49055,Wayne County
49035,Salt Lake County
49013,Duchesne County
49003,Box Elder County
49035,Salt Lake County
49037,San Juan County
49035,Salt Lake County
51029,Buckingham County
50015,Lamoille County
50015,Lamoille County
50015,Lamoille County
50015,Lamoille County
53007,Chelan County
,
53077,Yakima County
53053,Pierce County
53007,Chelan County
53007,Chelan County
53057,Skagit County
53007,Chelan County
53007,Chelan County
53007,Chelan County
53055,San Juan County
53069,Wahkiakum County
53007,Chelan County
53007,Chelan County
30029,Flathead County
53007,Chelan County
53007,Chelan County
,
53007,Chelan County
53007,Chelan County
54011,Cabell County
54061,Monongalia County
54101,Webster County
54101,Webster County
54101,Webster County
54101,Webster County
54071,Pendleton County
56025,Natrona County
56025,Natrona County
06019,Fresno County
06019,Fresno County
06075,San Francisco County
,
06019,Fresno County
06059,Orange County
06019,Fresno County
,
06019,Fresno County
06019,Fresno County
06019,Fresno County
26163,Wayne County
06111,Ventura County
,
06019,Fresno County
06019,Fresno County
06019,Fresno County
,
06001,Alameda County
06019,Fresno County
06019,Fresno County
06019,Fresno County
06019,Fresno County
06019,Fresno County
06019,Fresno County
12105,Polk County
12105,Polk County
19127,Marshall County
19127,Marshall County
19061,Dubuque County
19127,Marshall County
19127,Marshall County
17197,Will County
17043,DuPage County
,
17179,Tazewell County
20105,Lincoln County
21059,Daviess County
26163,Wayne County
55039,Fond du Lac County
27021,Cass County
27021,Cass County
12091,Okaloosa County
27021,Cass County
27021,Cass County
27067,Kandiyohi County
27061,Itasca County
27021,Cass County
27021,Cass County
,
29081,Harrison County
,
48399,Runnels County
42091,Montgomery County
46013,Brown County
55039,Fond du Lac County
55039,Fond du Lac County
01047,Dallas County
01047,Dallas County
01047,Dallas County
01047,Dallas County
01047,Dallas County
01047,Dallas County
31021,Burt County
04025,Yavapai County
04007,Gila County
04007,Gila County
04023,Santa Cruz County
06083,Santa Barbara County
06019,Fresno County
06089,Shasta County
06019,Fresno County
06019,Fresno County
06019,Fresno County
06019,Fresno County
10001,Kent County
12011,Broward County
12086,
12065,Jefferson County
12105,Polk County
12095,Orange County
,
12069,Lake County
12105,Polk County
12105,Polk County
12019,Clay County
12105,Polk County
12105,Polk County
12105,Polk County
12105,Polk County
12105,Polk County
13091,Dodge County
13091,Dodge County
13281,Towns County
13023,Bleckley County
13091,Dodge County
13091,Dodge County
,
13261,Sumter County
13091,Dodge County
13091,Dodge County
13091,Dodge County
13091,Dodge County
13091,Dodge County
13091,Dodge County
13091,Dodge County
13091,Dodge County
13091,Dodge County
13091,Dodge County
13091,Dodge County
13091,Dodge County
13091,Dodge County
13091,Dodge County
13091,Dodge County
13091,Dodge County
13091,Dodge County
13091,Dodge County
13091,Dodge County
13091,Dodge County
13091,Dodge County
13091,Dodge County
13091,Dodge County
13091,Dodge County
13091,Dodge County
13091,Dodge County
19067,Floyd County
19127,Marshall County
19127,Marshall County
19127,Marshall County
19127,Marshall County
19127,Marshall County
,
19127,Marshall County
19127,Marshall County
19127,Marshall County
42033,Clearfield County
19127,Marshall County
,
19127,Marshall County
19127,Marshall County
19127,Marshall County
19127,Marshall County
19179,Wapello County
19067,Floyd County
19127,Marshall County
19127,Marshall County
19127,Marshall County
19127,Marshall County
19127,Marshall County
19067,Floyd County
19127,Marshall County
19127,Marshall County
19113,Linn County
19127,Marshall County
19127,Marshall County
19037,Chickasaw County
19127,Marshall County
19127,Marshall County
19127,Marshall County
19127,Marshall County
19127,Marshall County
19127,Marshall County
19001,Adair County
19127,Marshall County
19127,Marshall County
19127,Marshall County
19127,Marshall County
19127,Marshall County
19127,Marshall County
19127,Marshall County
19127,Marshall County
19127,Marshall County
19127,Marshall County
16037,Custer County
16037,Custer County
16025,Camas County
16037,Custer County
16019,Bonneville County
16037,Custer County
16037,Custer County
16047,Gooding County
16063,Lincoln County
,
16037,Custer County
16047,Gooding County
16037,Custer County
16001,Ada County
17179,Tazewell County
17179,Tazewell County
17177,Stephenson County
17021,Christian County
17179,Tazewell County
17179,Tazewell County
17051,Fayette County
17179,Tazewell County
17179,Tazewell County
17179,Tazewell County
17015,Carroll County
17179,Tazewell County
17179,Tazewell County
17179,Tazewell County
17179,Tazewell County
17073,Henry County
17179,Tazewell County
17179,Tazewell County
17143,Peoria County
17179,Tazewell County
17179,Tazewell County
17179,Tazewell County
17179,Tazewell County
17179,Tazewell County
17179,Tazewell County
17179,Tazewell County
17179,Tazewell County
17179,Tazewell County
17179,Tazewell County
17179,Tazewell County
17179,Tazewell County
17179,Tazewell County
17179,Tazewell County
17179,Tazewell County
17179,Tazewell County
17179,Tazewell County
17107,Logan County
17049,Effingham County
17193,White County
17179,Tazewell County
17179,Tazewell County
17121,Marion County
17179,Tazewell County
17179,Tazewell County
17179,Tazewell County
17179,Tazewell County
17007,Boone County
17179,Tazewell County
17179,Tazewell County
17179,Tazewell County
17027,Clinton County
17179,Tazewell County
17179,Tazewell County
17075,Iroquois County
17067,Hancock County
,
17179,Tazewell County
17179,Tazewell County
17179,Tazewell County
17179,Tazewell County
17077,Jackson County
17157,Randolph County
17005,Bond County
17181,Union County
17179,Tazewell County
17135,Montgomery County
17179,Tazewell County
17119,Madison County
17167,Sangamon County
17179,Tazewell County
17179,Tazewell County
17179,Tazewell County
,
17055,Franklin County
,
17027,Clinton County
17181,Union County
17165,Saline County
17179,Tazewell County
17179,Tazewell County
17179,Tazewell County
17085,Jo Daviess County
17179,Tazewell County
17179,Tazewell County
17179,Tazewell County
17179,Tazewell County
17179,Tazewell County
17053,Ford County
17179,Tazewell County
17179,Tazewell County
17179,Tazewell County
17167,Sangamon County
17125,Mason County
18053,Grant County
18097,Marion County
18097,Marion County
18009,Blackford County
18053,Grant County
18053,Grant County
18039,Elkhart County
18075,Jay County
18015,Carroll County
18119,Owen County
18075,Jay County
18075,Jay County
08013,Boulder County
18111,Newton County
18039,Elkhart County
18001,Adams County
18053,Grant County
18053,Grant County
18051,Gibson County
18097,Marion County
18097,Marion County
18105,Monroe County
18113,Noble County
20035,Cowley County
20137,Norton County
20105,Lincoln County
20157,Republic County
20105,Lincoln County
20105,Lincoln County
22077,Pointe Coupee Parish
22079,Rapides Parish
22101,St. Mary Parish
22077,Pointe Coupee Parish
24003,Anne Arundel County
24043,Washington County
24003,Anne Arundel County
24029,Kent County
24003,Anne Arundel County
24003,Anne Arundel County
24003,Anne Arundel County
24003,Anne Arundel County
24021,Frederick County
24003,Anne Arundel County
24003,Anne Arundel County
,
23009,Hancock County
23021,Piscataquis County
23015,Lincoln County
23013,Knox County
23021,Piscataquis County
23021,Piscataquis County
23031,York County
23013,Knox County
23027,Waldo County
23021,Piscataquis County
23027,Waldo County
23021,Piscataquis County
23021,Piscataquis County
23017,Oxford County
23021,Piscataquis County
23021,Piscataquis County
23021,Piscataquis County
23021,Piscataquis County
23021,Piscataquis County
23023,Sagadahoc County
26165,Wexford County
26021,Berrien County
26165,Wexford County
26165,Wexford County
26073,Isabella County
26123,Newaygo County
26005,Allegan County
26015,Barry County
26073,Isabella County
26165,Wexford County
26165,Wexford County
26165,Wexford County
26165,Wexford County
26165,Wexford County
26139,Ottawa County
26063,Huron County
26165,Wexford County
26165,Wexford County
26165,Wexford County
26165,Wexford County
26139,Ottawa County
26165,Wexford County
26059,Hillsdale County
26165,Wexford County
26081,Kent County
27021,Cass County
27021,Cass County
27021,Cass County
,
27021,Cass County
27021,Cass County
27021,Cass County
27021,Cass County
27021,Cass County
27021,Cass County
27043,Faribault County
27021,Cass County
27049,Goodhue County
27021,Cass County
27021,Cass County
27021,Cass County
27029,Clearwater County
27021,Cass County
27021,Cass County
27161,Waseca County
27021,Cass County
27021,Cass County
27021,Cass County
27021,Cass County
27021,Cass County
,
27021,Cass County
27021,Cass County
27021,Cass County
27021,Cass County
27021,Cass County
27021,Cass County
27021,Cass County
27021,Cass County
27119,Polk County
,
27021,Cass County
27021,Cass County
27021,Cass County
27021,Cass County
27141,Sherburne County
27021,Cass County
27021,Cass County
27021,Cass County
27021,Cass County
27021,Cass County
27021,Cass County
27021,Cass County
27021,Cass County
27021,Cass County
27021,Cass County
27021,Cass County
27021,Cass County
,
,
27021,Cass County
27145,Stearns County
27099,Mower County
27021,Cass County
27021,Cass County
27021,Cass County
27021,Cass County
27021,Cass County
27021,Cass County
27021,Cass County
27021,Cass County
27109,Olmsted County
27021,Cass County
27021,Cass County
27053,Hennepin County
27021,Cass County
27021,Cass County
29161,Phelps County
29071,Franklin County
29051,Cole County
29213,Taney County
29161,Phelps County
29161,Phelps County
29161,Phelps County
29071,Franklin County
29161,Phelps County
29099,Jefferson County
29161,Phelps County
29161,Phelps County
29161,Phelps County
,
,
29161,Phelps County
29161,Phelps County
29145,Newton County
29161,Phelps County
29109,Lawrence County
29069,Dunklin County
29161,Phelps County
29099,Jefferson County
,
29161,Phelps County
42017,Bucks County
29161,Phelps County
29161,Phelps County
29213,Taney County
29007,Audrain County
29161,Phelps County
29167,Polk County
29167,Polk County
29161,Phelps County
29161,Phelps County
29161,Phelps County
29121,Macon County
29161,Phelps County
29161,Phelps County
29161,Phelps County
29145,Newton County
29161,Phelps County
29107,Lafayette County
29161,Phelps County
29186,Ste. Genevieve County
29161,Phelps County
29161,Phelps County
29041,Chariton County
29161,Phelps County
28161,Yalobusha County
28123,Scott County
28123,Scott County
28123,Scott County
28133,Sunflower County
28023,Clarke County
28161,Yalobusha County
30045,Judith Basin County
30045,Judith Basin County
30045,Judith Basin County
30045,Judith Basin County
30045,Judith Basin County
30087,Rosebud County
38055,McLean County
31041,Custer County
31041,Custer County
31041,Custer County
31041,Custer County
34029,Ocean County
,
35019,Guadalupe County
35019,Guadalupe County
36061,New York County
36061,New York County
36061,New York County
,
36061,New York County
36061,New York County
36061,New York County
36091,Saratoga County
36061,New York County
36061,New York County
36061,New York County
36119,Westchester County
36061,New York County
36115,Washington County
36061,New York County
36061,New York County
36013,Chautauqua County
36061,New York County
36061,New York County
36013,Chautauqua County
36061,New York County
,
36083,Rensselaer County
36091,Saratoga County
,
36061,New York County
36061,New York County
36061,New York County
36061,New York County
36103,Suffolk County
36061,New York County
36061,New York County
36061,New York County
39117,Morrow County
39117,Morrow County
39117,Morrow County
39031,Coshocton County
39007,Ashtabula County
39117,Morrow County
39117,Morrow County
39117,Morrow County
39075,Holmes County
39043,Erie County
39117,Morrow County
39075,Holmes County
39157,Tuscarawas County
39171,Williams County
39133,Portage County
39117,Morrow County
39117,Morrow County
39117,Morrow County
39117,Morrow County
39117,Morrow County
39117,Morrow County
39007,Ashtabula County
39049,Franklin County
39117,Morrow County
39117,Morrow County
39041,Delaware County
39045,Fairfield County
39117,Morrow County
39117,Morrow County
39117,Morrow County
39117,Morrow County
39117,Morrow County
39117,Morrow County
39117,Morrow County
39137,Putnam County
39117,Morrow County
39155,Trumbull County
39157,Tuscarawas County
39165,Warren County
39117,Morrow County
39173,Wood County
,
41059,Umatilla County
42043,Dauphin County
42081,Lycoming County
42081,Lycoming County
42081,Lycoming County
42081,Lycoming County
42015,Bradford County
42009,Bedford County
42081,Lycoming County
42081,Lycoming County
42081,Lycoming County
42081,Lycoming County
42021,Cambria County
42071,Lancaster County
42081,Lycoming County
42107,Schuylkill County
42081,Lycoming County
42081,Lycoming County
42071,Lancaster County
42081,Lycoming County
42041,Cumberland County
42087,Mifflin County
42081,Lycoming County
42081,Lycoming County
42011,Berks County
42013,Blair County
42081,Lycoming County
,
42049,Erie County
42081,Lycoming County
42081,Lycoming County
42027,Centre County
42107,Schuylkill County
42081,Lycoming County
42081,Lycoming County
42081,Lycoming County
42081,Lycoming County
42103,Pike County
42107,Schuylkill County
42041,Cumberland County
42011,Berks County
42081,Lycoming County
42081,Lycoming County
42081,Lycoming County
42081,Lycoming County
42081,Lycoming County
42081,Lycoming County
42055,Franklin County
42081,Lycoming County
42037,Columbia County
42081,Lycoming County
42079,Luzerne County
42081,Lycoming County
42071,Lancaster County
42097,Northumberland County
42071,Lancaster County
72033,
45063,Lexington County
21007,Ballard County
45063,Lexington County
45063,Lexington County
47183,Weakley County
47003,Bedford County
,
47003,Bedford County
47003,Bedford County
47003,Bedford County
47003,Bedford County
47187,Williamson County
47003,Bedford County
47173,Union County
48467,Van Zandt County
48013,Atascosa County
48441,Taylor County
48399,Runnels County
48367,Parker County
48029,Bexar County
48399,Runnels County
48399,Runnels County
48231,Hunt County
48399,Runnels County
48399,Runnels County
49035,Salt Lake County
49047,Uintah County
49035,Salt Lake County
49035,Salt Lake County
49035,Salt Lake County
,
49047,Uintah County
49035,Salt Lake County
53037,Kittitas County
53007,Chelan County
11001,District of Columbia
53007,Chelan County
53007,Chelan County
53007,Chelan County
53007,Chelan County
53007,Chelan County
53007,Chelan County
53007,Chelan County
53073,Whatcom County
53007,Chelan County
53007,Chelan County
53007,Chelan County
53007,Chelan County
53033,King County
53007,Chelan County
53073,Whatcom County
55141,Wood County
,
55063,La Crosse County
55039,Fond du Lac County
55039,Fond du Lac County
55039,Fond du Lac County
,
55021,Columbia County
55039,Fond du Lac County
55039,Fond du Lac County
55069,Lincoln County
55069,Lincoln County
55039,Fond du Lac County
55039,Fond du Lac County
55113,Sawyer County
55113,Sawyer County
55095,Polk County
56033,Sheridan County
31041,Custer County
02290,Yukon-Koyukuk Census Area
02170,Matanuska-Susitna Borough
01021,Chilton County
01047,Dallas County
01047,Dallas County
01047,Dallas County
01047,Dallas County
01121,Talladega County
05009,Boone County
05145,White County
05145,White County
,
05145,White County
05145,White County
05145,White County
05145,White County
06017,El Dorado County
06029,Kern County
06087,Santa Cruz County
06019,Fresno County
06039,Madera County
06019,Fresno County
06019,Fresno County
06019,Fresno County
06019,Fresno County
08093,Park County
08093,Park County
08093,Park County
,
09140,
09140,
10005,Sussex County
10001,Kent County
10001,Kent County
10001,Kent County
10005,Sussex County
12105,Polk County
12105,Polk County
,
13091,Dodge County
13091,Dodge County
13091,Dodge County
13019,Berrien County
13091,Dodge County
13091,Dodge County
13069,Coffee County
13091,Dodge County
,
13085,Dawson County
13091,Dodge County
13091,Dodge County
13091,Dodge County
13199,Meriwether County
,
13123,Gilmer County
13091,Dodge County
13091,Dodge County
13091,Dodge County
13091,Dodge County
13091,Dodge County
,
13091,Dodge County
13091,Dodge County
13221,Oglethorpe County
13091,Dodge County
37043,Clay County
13115,Floyd County
,
13091,Dodge County
13091,Dodge County
13091,Dodge County
15003,Honolulu County
15001,Hawaii County
15001,Hawaii County
19127,Marshall County
19127,Marshall County
19127,Marshall County
,
19127,Marshall County
19127,Marshall County
19127,Marshall County
19127,Marshall County
19127,Marshall County
19045,Clinton County
19127,Marshall County
19127,Marshall County
19127,Marshall County
19127,Marshall County
19127,Marshall County
19127,Marshall County
,
19127,Marshall County
19127,Marshall County
,
19127,Marshall County
19089,Howard County
19127,Marshall County
19127,Marshall County
19127,Marshall County
19127,Marshall County
19127,Marshall County
19163,Scott County
19127,Marshall County
19127,Marshall County
16031,Cassia County
,
16037,Custer County
16001,Ada County
16037,Custer County
16037,Custer County
16037,Custer County
16037,Custer County
16037,Custer County
16037,Custer County
16037,Custer County
16037,Custer County
16045,Gem County
16063,Lincoln County
16037,Custer County
16037,Custer County
16037,Custer County
17179,Tazewell County
17179,Tazewell County
17095,Knox County
17179,Tazewell County
17121,Marion County
17179,Tazewell County
17179,Tazewell County
17179,Tazewell County
17179,Tazewell County
17179,Tazewell County
18005,Bartholomew County
18005,Bartholomew County
18097,Marion County
18099,Marshall County
18053,Grant County
20009,Barton County
20011,Bourbon County
20105,Lincoln County
20021,Cherokee County
20105,Lincoln County
20105,Lincoln County
20105,Lincoln County
20105,Lincoln County
20057,Ford County
20105,Lincoln County
20105,Lincoln County
20069,Gray County
,
20081,Haskell County
20105,Lincoln County
20105,Lincoln County
20105,Lincoln County
20105,Lincoln County
20151,Pratt County
20155,Reno County
20155,Reno County
20105,Lincoln County
20169,Saline County
20105,Lincoln County
20105,Lincoln County
21005,Anderson County
21151,Madison County
21151,Madison County
21151,Madison County
21151,Madison County
21151,Madison County
21151,Madison County
21151,Madison County
21151,Madison County
,
21151,Madison County
21237,Wolfe County
21199,Pulaski County
21013,Bell County
21151,Madison County
21151,Madison County
21211,Shelby County
21151,Madison County
22077,Pointe Coupee Parish
22053,Jefferson Davis Parish
22077,Pointe Coupee Parish
22077,Pointe Coupee Parish
22035,East Carroll Parish
22043,Grant Parish
22077,Pointe Coupee Parish
25017,Middlesex County
,
25017,Middlesex County
,
,
25017,Middlesex County
25017,Middlesex County
25023,Plymouth County
25023,Plymouth County
24025,Harford County
24003,Anne Arundel County
24003,Anne Arundel County
24011,Caroline County
24003,Anne Arundel County
24003,Anne Arundel County
24003,Anne Arundel County
24003,Anne Arundel County
24003,Anne Arundel County
24003,Anne Arundel County
24029,Kent County
24003,Anne Arundel County
24003,Anne Arundel County
24047,Worcester County
24027,Howard County
24003,Anne Arundel County
23021,Piscataquis County
23027,Waldo County
23005,Cumberland County
23009,Hancock County
23021,Piscataquis County
23021,Piscataquis County
23011,Kennebec County
23021,Piscataquis County
23013,Knox County
23021,Piscataquis County
23017,Oxford County
23017,Oxford County
23019,Penobscot County
,
23027,Waldo County
23021,Piscataquis County
23029,Washington County
23031,York County
26017,Bay County
26165,Wexford County
26029,Charlevoix County
26041,Delta County
26059,Hillsdale County
26077,Kalamazoo County
26165,Wexford County
26081,Kent County
26081,Kent County
26087,Lapeer County
26105,Mason County
26117,Montcalm County
26165,Wexford County
26165,Wexford County
26165,Wexford County
26089,Leelanau County
26139,Ottawa County
,
26165,Wexford County
26165,Wexford County
26165,Wexford County
26165,Wexford County
26139,Ottawa County
26165,Wexford County
26165,Wexford County
26165,Wexford County
27021,Cass County
27021,Cass County
27021,Cass County
27021,Cass County
27021,Cass County
,
27021,Cass County
27021,Cass County
27021,Cass County
27021,Cass County
27021,Cass County
27021,Cass County
27021,Cass County
27021,Cass County
27021,Cass County
27021,Cass County
27021,Cass County
27021,Cass County
27021,Cass County
27021,Cass County
27021,Cass County
,
27021,Cass County
27021,Cass County
27021,Cass County
27021,Cass County
27021,Cass County
29161,Phelps County
29161,Phelps County
29161,Phelps County
29207,Stoddard County
29161,Phelps County
28123,Scott County
28123,Scott County
28123,Scott County
28123,Scott County
28123,Scott County
28123,Scott County
28123,Scott County
28123,Scott County
28123,Scott County
28123,Scott County
28123,Scott County
28123,Scott County
28123,Scott County
28091,Marion County
28123,Scott County
28091,Marion County
28123,Scott County
28123,Scott County
30031,Gallatin County
30045,Judith Basin County
37035,Catawba County
30045,Judith Basin County
30045,Judith Basin County
30031,Gallatin County
30045,Judith Basin County
30013,Cascade County
30045,Judith Basin County
30045,Judith Basin County
30045,Judith Basin County
30045,Judith Basin County
30057,Madison County
30029,Flathead County
30045,Judith Basin County
30029,Flathead County
30045,Judith Basin County
30045,Judith Basin County
30045,Judith Basin County
,
30045,Judith Basin County
30001,Beaverhead County
30031,Gallatin County
30045,Judith Basin County
30031,Gallatin County
30045,Judith Basin County
37037,Chatham County
37037,Chatham County
37037,Chatham County
37039,Cherokee County
37043,Clay County
37037,Chatham County
37037,Chatham County
37115,Madison County
01083,Limestone County
37037,Chatham County
37149,Polk County
37037,Chatham County
37037,Chatham County
38055,McLean County
38055,McLean County
38055,McLean County
38055,McLean County
38055,McLean County
38055,McLean County
38055,McLean County
38055,McLean County
38055,McLean County
38055,McLean County
31041,Custer County
31041,Custer County
,
31041,Custer County
31047,Dawson County
31041,Custer County
31041,Custer County
31041,Custer County
31041,Custer County
31041,Custer County
31041,Custer County
31041,Custer County
31041,Custer County
31041,Custer County
31041,Custer County
31041,Custer County
31161,Sheridan County
31041,Custer County
33003,Carroll County
33011,Hillsborough County
33013,Merrimack County
33015,Rockingham County
33015,Rockingham County
34029,Ocean County
34029,Ocean County
34033,Salem County
34037,Sussex County
35019,Guadalupe County
35019,Guadalupe County
35049,Santa Fe County
39117,Morrow County
39023,Clark County
39055,Geauga County
39117,Morrow County
39117,Morrow County
39117,Morrow County
40109,Oklahoma County
40125,Pottawatomie County
40021,Cherokee County
40125,Pottawatomie County
40125,Pottawatomie County
40125,Pottawatomie County
40125,Pottawatomie County
40051,Grady County
40125,Pottawatomie County
40093,Major County
40097,Mayes County
40115,Ottawa County
40115,Ottawa County
40125,Pottawatomie County
42081,Lycoming County
42071,Lancaster County
42071,Lancaster County
42071,Lancaster County
42081,Lycoming County
42081,Lycoming County
42081,Lycoming County
42133,York County
42081,Lycoming County
42081,Lycoming County
42015,Bradford County
42081,Lycoming County
42015,Bradford County
42015,Bradford County
42081,Lycoming County
42017,Bucks County
42041,Cumberland County
42081,Lycoming County
,
42081,Lycoming County
42071,Lancaster County
42071,Lancaster County
42081,Lycoming County
42081,Lycoming County
42099,Perry County
42081,Lycoming County
42025,Carbon County
42081,Lycoming County
42127,Wayne County
42133,York County
44009,Washington County
45063,Lexington County
45063,Lexington County
45063,Lexington County
45063,Lexington County
,
45025,Chesterfield County
45063,Lexington County
45063,Lexington County
45063,Lexington County
45063,Lexington County
45063,Lexington County
45063,Lexington County
45071,Newberry County
45063,Lexington County
45063,Lexington County
45063,Lexington County
46085,Lyman County
46085,Lyman County
46085,Lyman County
46085,Lyman County
46067,Hutchinson County
46085,Lyman County
,
,
47003,Bedford County
47009,Blount County
47003,Bedford County
47003,Bedford County
47031,Coffee County
47003,Bedford County
47047,Fayette County
47003,Bedford County
47003,Bedford County
47003,Bedford County
49047,Uintah County
49035,Salt Lake County
49027,Millard County
49033,Rich County
49037,San Juan County
49005,Cache County
49037,San Juan County
49037,San Juan County
49035,Salt Lake County
49037,San Juan County
49035,Salt Lake County
49037,San Juan County
49035,Salt Lake County
49035,Salt Lake County
49035,Salt Lake County
49035,Salt Lake County
,
51041,Chesterfield County
51029,Buckingham County
51075,Goochland County
51029,Buckingham County
51029,Buckingham County
51069,Frederick County
50005,Caledonia County
50011,Franklin County
50017,Orange County
50023,Washington County
50025,Windham County
50025,Windham County
50015,Lamoille County
53007,Chelan County
53007,Chelan County
53007,Chelan County
53007,Chelan County
53055,San Juan County
53007,Chelan County
,
53007,Chelan County
53073,Whatcom County
53077,Yakima County
55007,Bayfield County
55127,Walworth County
55031,Douglas County
55039,Fond du Lac County
55039,Fond du Lac County
55043,Grant County
55039,Fond du Lac County
55039,Fond du Lac County
55063,La Crosse County
55063,La Crosse County
55069,Lincoln County
55039,Fond du Lac County
55039,Fond du Lac County
55039,Fond du Lac County
55107,Rusk County
55039,Fond du Lac County
55039,Fond du Lac County
55039,Fond du Lac County
55039,Fond du Lac County
55127,Walworth County
55127,Walworth County
55013,Burnett County
55135,Waupaca County
56001,Albany County
56009,Converse County
56013,Fremont County
56025,Natrona County
56025,Natrona County
56025,Natrona County
56025,Natrona County
56033,Sheridan County
56037,Sweetwater County
01073,Jefferson County
09170,
06019,Fresno County
13121,Fulton County
25025,Suffolk County
17031,Cook County
55079,Milwaukee County
12011,Broward County
06001,Alameda County
06037,Los Angeles County
06037,Los Angeles County
06037,Los Angeles County
25013,Hampden County
,
17179,Tazewell County
53047,Okanogan County
15001,Hawaii County
48113,Dallas County
12031,Duval County
51059,Fairfax County
17031,Cook County
04013,Maricopa County
06019,Fresno County
17097,Lake County
25009,Essex County
36087,Rockland County
51087,Henrico County
25023,Plymouth County
24027,Howard County
17167,Sangamon County
18097,Marion County
28049,Hinds County
22051,Jefferson Parish
04013,Maricopa County
22063,Livingston Parish
06037,Los Angeles County
25025,Suffolk County
26165,Wexford County
55079,Milwaukee County
27053,Hennepin County
27123,Ramsey County
24031,Montgomery County
37183,Wake County
36061,New York County
48439,Tarrant County
17097,Lake County
36047,Kings County
06001,Alameda County
41017,Deschutes County
06111,Ventura County
42003,Allegheny County
06001,Alameda County
24033,Prince George
36113,Warren County
51770,Roanoke city
29510,St. Louis city
06013,Contra Costa County
12086,
27139,Scott County
06037,Los Angeles County
06037,Los Angeles County
08093,Park County
04013,Maricopa County
47037,Davidson County
49035,Salt Lake County
49035,Salt Lake County
36087,Rockland County
53073,Whatcom County
53015,Cowlitz County
17097,Lake County
06019,Fresno County
09140,
09140,
12105,Polk County
22077,Pointe Coupee Parish
29121,Macon County
29161,Phelps County
38099,Walsh County
36061,New York County
39049,Franklin County
41051,Multnomah County
72021,
47003,Bedford County
47167,Tipton County
51029,Buckingham County
53035,Kitsap County
53073,Whatcom County
02164,Lake and Peninsula Borough
02110,Juneau Borough
02170,Matanuska-Susitna Borough
02290,Yukon-Koyukuk Census Area
04009,Graham County
04007,Gila County
04001,Apache County
06011,Colusa County
06065,Riverside County
06023,Humboldt County
06045,Mendocino County
32007,Elko County
20085,Jackson County
20013,Brown County
27071,Koochiching County
27049,Goodhue County
27007,Beltrami County
35043,Sandoval County
46121,Todd County
53007,Chelan County
56013,Fremont County
56025,Natrona County
30045,Judith Basin County
30029,Flathead County
56025,Natrona County
08029,Delta County
08107,Routt County
56025,Natrona County
04007,Gila County
04007,Gila County
04007,Gila County
35019,Guadalupe County
30063,Missoula County
49031,Piute County
06019,Fresno County
06035,Lassen County
06019,Fresno County
06019,Fresno County
06109,Tuolumne County
06019,Fresno County
06019,Fresno County
06019,Fresno County
06091,Sierra County
06107,Tulare County
06075,San Francisco County
06077,San Joaquin County
41017,Deschutes County
53065,Stevens County
41029,Jackson County
41029,Jackson County
41047,Marion County
41017,Deschutes County
41019,Douglas County
41017,Deschutes County
41025,Harney County
13091,Dodge County
05103,Ouachita County
02020,Anchorage Borough
02070,Dillingham Census Area
02164,Lake and Peninsula Borough
06053,Monterey County
51029,Buckingham County
,
15003,Honolulu County
22109,Terrebonne Parish
22071,Orleans Parish
22071,Orleans Parish
23021,Piscataquis County
27137,St. Louis County
55039,Fond du Lac County
34029,Ocean County
39035,Cuyahoga County
44005,Newport County
53007,Chelan County
53033,King County
78030,
02050,Bethel Census Area
02020,Anchorage Borough
02290,Yukon-Koyukuk Census Area
06049,Modoc County
06065,Riverside County
06073,San Diego County
02158,
,
46041,Dewey County
02105,
02020,Anchorage Borough
40125,Pottawatomie County
41017,Deschutes County
41071,Yamhill County
41065,Wasco County
06015,Del Norte County
06019,Fresno County
06097,Sonoma County
,
06033,Lake County
,
06023,Humboldt County
06073,San Diego County
02185,North Slope Borough
04015,Mohave County
53051,Pend Oreille County
02180,Nome Census Area
46085,Lyman County
06019,Fresno County
55039,Fond du Lac County
06073,San Diego County
,
27021,Cass County
28123,Scott County
06019,Fresno County
06065,Riverside County
53033,King County
02185,North Slope Borough
,
,
02185,North Slope Borough
,
02180,Nome Census Area
53057,Skagit County
02122,Kenai Peninsula Borough
04001,Apache County
,
,
,
02180,Nome Census Area
,
31041,Custer County
02198,
06027,Inyo County
40117,Pawnee County
06089,Shasta County
35043,Sandoval County
35043,Sandoval County
32031,Washoe County
06065,Riverside County
,
04009,Graham County
,
55041,Forest County
08067,La Plata County
46031,Corson County
53035,Kitsap County
02158,
,
51029,Buckingham County
46085,Lyman County
35031,McKinley County
02020,Anchorage Borough
02020,Anchorage Borough
,
06065,Riverside County
,
,
02110,Juneau Borough
,
02180,Nome Census Area
40081,Lincoln County
,
,
02050,Bethel Census Area
02164,Lake and Peninsula Borough
02180,Nome Census Area
02180,Nome Census Area
,
,
06019,Fresno County
,
,
23019,Penobscot County
53009,Clallam County
,
06073,San Diego County
27139,Scott County
55041,Forest County
08067,La Plata County
,
02158,
,
04025,Yavapai County
06007,Butte County
06011,Colusa County
02110,Juneau Borough
,
06073,San Diego County
02185,North Slope Borough
40081,Lincoln County
40015,Caddo County
,
06065,Riverside County
02185,North Slope Borough
,
02188,Northwest Arctic Borough
02050,Bethel Census Area
02185,North Slope Borough
02158,
06045,Mendocino County
06031,Kings County
02158,
,
08069,Larimer County
17179,Tazewell County
35019,Guadalupe County
48399,Runnels County
26165,Wexford County
21067,Fayette County
51029,Buckingham County
06065,Riverside County
08069,Larimer County
54061,Monongalia County
35053,Socorro County
17179,Tazewell County
48041,Brazos County
40027,Cleveland County
26161,Washtenaw County
06081,San Mateo County
08093,Park County
08093,Park County
48399,Runnels County
48491,Williamson County
42071,Lancaster County
12105,Polk County
35053,Socorro County
48201,Harris County
48399,Runnels County
48399,Runnels County
08093,Park County
41017,Deschutes County
56025,Natrona County
48113,Dallas County
25017,Middlesex County
06037,Los Angeles County
48201,Harris County
48201,Harris County
06097,Sonoma County
17179,Tazewell County
40027,Cleveland County
42027,Centre County
36061,New York County
48453,Travis County
17179,Tazewell County
48453,Travis County
08069,Larimer County
01047,Dallas County
05145,White County
05145,White County
05145,White County
04007,Gila County
04007,Gila County
06019,Fresno County
06019,Fresno County
06019,Fresno County
06019,Fresno County
06019,Fresno County
,
,
08093,Park County
09140,
12073,Leon County
12057,Hillsborough County
12105,Polk County
13091,Dodge County
15001,Hawaii County
,
66010,
19127,Marshall County
12071,Lee County
16037,Custer County
16037,Custer County
,
,
17179,Tazewell County
,
21151,Madison County
21151,Madison County
25017,Middlesex County
25017,Middlesex County
23021,Piscataquis County
23021,Piscataquis County
26161,Washtenaw County
27123,Ramsey County
27053,Hennepin County
27097,Morrison County
20209,Wyandotte County
47157,Shelby County
37037,Chatham County
28123,Scott County
28123,Scott County
30045,Judith Basin County
,
37101,Johnston County
37183,Wake County
37037,Chatham County
31041,Custer County
31109,Lancaster County
31041,Custer County
31109,Lancaster County
,
33013,Merrimack County
34029,Ocean County
04001,Apache County
,
39089,Licking County
20105,Lincoln County
21151,Madison County
40125,Pottawatomie County
41017,Deschutes County
41029,Jackson County
41017,Deschutes County
41025,Harney County
41017,Deschutes County
42043,Dauphin County
24001,Allegany County
,
44009,Washington County
46109,Roberts County
46085,Lyman County
46085,Lyman County
46085,Lyman County
46085,Lyman County
56025,Natrona County
47081,Hickman County
47003,Bedford County
47157,Shelby County
48399,Runnels County
48399,Runnels County
40143,Tulsa County
49035,Salt Lake County
24003,Anne Arundel County
53073,Whatcom County
55079,Milwaukee County
27021,Cass County
54061,Monongalia County
56039,Teton County
56025,Natrona County
